[
  {
    "title": "All Day Event",
    "start": "2018-10-01"
  },
  {
    "title": "Long Event",
    "start": "2018-10-07",
    "end": "2018-10-10"
  },
  {
    "id": "999",
    "title": "Repeating Event",
    "start": "2018-10-09T16:00:00-05:00"
  },
  {
    "id": "999",
    "title": "Repeating Event",
    "start": "2018-10-16T16:00:00-05:00"
  },
  {
    "title": "Conference",
    "start": "2018-10-11",
    "end": "2018-10-13"
  },
  {
    "title": "Meeting",
    "start": "2018-10-12T10:30:00-05:00",
    "end": "2018-10-12T12:30:00-05:00"
  },
  {
    "title": "Lunch",
    "start": "2018-10-12T12:00:00-05:00"
  },
  {
    "title": "Meeting",
    "start": "2018-10-12T14:30:00-05:00"
  },
  {
    "title": "Happy Hour",
    "start": "2018-10-12T17:30:00-05:00"
  },
  {
    "title": "Dinner",
    "start": "2018-10-12T20:00:00"
  },
  {
    "title": "Birthday Party",
    "start": "2018-10-13T07:00:00-05:00"
  },
  {
    "title": "Click for Google",
    "url": "http://google.com/",
    "start": "2018-10-28"
  }
]
